Category,URL,Source,Time_Spent_Minutes,Upvotes,Views,Engagement_Score,Content_Type,Difficulty_Level,Trending_Score,Preview_Image_URL
Assessing Fashion Needs,https://www.instagram.com/reel/DOxv97ZisjR/,Instagram,8.5,127,2340,0.89,Video,Intermediate,0.92,/placeholders/instagram.svg
Assessing Fashion Needs,https://www.instagram.com/reel/DKZ8mbhqgFO/,Instagram,6.2,89,1890,0.76,Video,Beginner,0.78,/placeholders/instagram.svg
Assessing Fashion Needs,https://www.instagram.com/reel/DJ2JpMoyQhh/,Instagram,7.8,156,3120,0.85,Video,Intermediate,0.88,/placeholders/instagram.svg
Assessing Fashion Needs,https://www.tiktok.com/@stylingwithkenzie/video/7477320164615212319,Tiktok,4.3,203,4560,0.91,Video,Beginner,0.95,/placeholders/tiktok.svg
Assessing Fashion Needs,https://www.tiktok.com/@bradendaily/video/7497348989700902174,Tiktok,5.1,178,3890,0.87,Video,Intermediate,0.89,/placeholders/tiktok.svg
Assessing Fashion Needs,https://www.tiktok.com/@timdessaint/video/7116884769341803782,Tiktok,6.7,234,5120,0.94,Video,Advanced,0.96,/placeholders/tiktok.svg
Assessing Fashion Needs,https://fashionchitchat.substack.com/p/i-have-nothing-to-wear?utm_campaign=post&utm_medium=web,Substack,12.4,67,890,0.72,Article,Intermediate,0.65,/placeholders/article.svg
Assessing Fashion Needs,https://substack.com/home/post/p-149560490?utm_campaign=post&utm_medium=web,Substack,15.2,45,670,0.68,Article,Advanced,0.58,/placeholders/article.svg
Assessing Fashion Needs,https://misplacedstyle.substack.com/p/create-your-style-strategy,Substack,18.7,89,1230,0.81,Article,Advanced,0.72,/placeholders/article.svg
Assessing Fashion Needs,https://lilacreign.substack.com/p/the-psychology-of-personal-style,Substack,22.1,134,1890,0.88,Article,Advanced,0.85,/placeholders/article.svg
Understanding Fashion Basics,https://www.instagram.com/reel/DO7S8x3jGf0/,Instagram,9.2,198,4230,0.93,Video,Beginner,0.91,/placeholders/instagram.svg
Understanding Fashion Basics,https://www.tiktok.com/@loveyoumariemuch/video/7374447625489124641,Instagram,5.8,145,3560,0.84,Video,Beginner,0.86,/placeholders/tiktok.svg
Understanding Fashion Basics,https://www.instagram.com/reel/DORA0ZEDm6n/,Instagram,7.3,167,3890,0.87,Video,Intermediate,0.89,/placeholders/instagram.svg
Understanding Fashion Basics,https://www.tiktok.com/@stylingwithkenzie/video/7477320164615212319,Tiktok,4.1,189,4120,0.89,Video,Beginner,0.87,/placeholders/tiktok.svg
Understanding Fashion Basics,https://www.tiktok.com/@navkhuttan/video/7406736851580488992,Tiktok,6.4,223,4780,0.92,Video,Intermediate,0.94,/placeholders/tiktok.svg
Understanding Fashion Basics,https://www.tiktok.com/@crwnmason/video/7533330492943256854,Tiktok,5.9,156,3450,0.85,Video,Intermediate,0.82,/placeholders/tiktok.svg
Understanding Fashion Basics,https://someusesomewear.substack.com/p/simply-wearing-clothes,Substack,14.6,78,1120,0.75,Article,Intermediate,0.68,/placeholders/article.svg
Understanding Fashion Basics,https://bowtiedcerberus.substack.com/p/fashion-basics-for-the-turbo-autist,Substack,16.8,92,1450,0.79,Article,Advanced,0.71,/placeholders/article.svg
Understanding Fashion Basics,https://streetnightlive.substack.com/p/the-ultimate-guide-for-developing,Substack,19.3,156,2130,0.86,Article,Advanced,0.83,/placeholders/article.svg
Understanding Fashion Basics,https://malefashionadvice.substack.com/p/on-the-development-of-personal-style,Substack,21.7,189,2670,0.91,Article,Advanced,0.88,/placeholders/article.svg
Style Principles,https://www.instagram.com/reel/DG4kpn9uuOV/,Instagram,8.7,145,3120,0.82,Video,Intermediate,0.79,/placeholders/instagram.svg
Style Principles,https://www.instagram.com/reel/DKrEMOLNqvZ/,Instagram,7.1,123,2780,0.78,Video,Intermediate,0.75,/placeholders/instagram.svg
Style Principles,https://www.tiktok.com/@itscalbal/video/7543747838459596045,Tiktok,4.8,167,3890,0.86,Video,Intermediate,0.88,/placeholders/tiktok.svg
Style Principles,https://www.tiktok.com/@justmacrose/video/7456845188569369899,Tiktok,5.6,189,4120,0.89,Video,Intermediate,0.91,/placeholders/tiktok.svg
Style Principles,https://www.tiktok.com/@allisonbornstein6/video/7550328069504945438,Tiktok,6.2,201,4560,0.92,Video,Advanced,0.94,/placeholders/tiktok.svg
Style Principles,https://www.tiktok.com/@everydayelegant/video/7361921065465154862,Tiktok,5.3,134,3120,0.81,Video,Intermediate,0.78,/placeholders/tiktok.svg
Style Principles,https://theprepclub.substack.com/p/a-look-at-developing-personal-style,Substack,17.4,89,1340,0.77,Article,Advanced,0.72,/placeholders/article.svg
Style Principles,https://hotroot.substack.com/p/personal-style-series-the-7-principles,Substack,20.1,156,1890,0.84,Article,Advanced,0.81,/placeholders/article.svg
Style Principles,https://thecloset.substack.com/p/how-to-build-a-personal-style-without,Substack,18.9,134,1670,0.81,Article,Advanced,0.78,/placeholders/article.svg
Style Principles,https://mademoisellejaime.substack.com/p/this-simple-styling-principle-changed,Substack,16.2,112,1450,0.79,Article,Intermediate,0.74,/placeholders/article.svg
Wardrobe Management,https://www.instagram.com/reel/DN89sH7jK6V/,Instagram,9.8,178,3890,0.88,Video,Intermediate,0.85,/placeholders/instagram.svg
Wardrobe Management,https://www.tiktok.com/@squashbot/video/7509221263689256238,Tiktok,5.4,201,4560,0.91,Video,Intermediate,0.93,/placeholders/tiktok.svg
Wardrobe Management,https://www.tiktok.com/@dapperdom/video/7528941133632703757,Tiktok,6.7,189,4120,0.89,Video,Advanced,0.87,/placeholders/tiktok.svg
Wardrobe Management,https://www.tiktok.com/@trindingtopic/video/7502579158166408490,Tiktok,4.9,156,3450,0.84,Video,Intermediate,0.81,/placeholders/tiktok.svg
Wardrobe Management,https://www.tiktok.com/@charityshopgirlcsg/video/7255949359441841434,Tiktok,7.2,223,4780,0.94,Video,Advanced,0.96,/placeholders/tiktok.svg
Wardrobe Management,https://www.instagram.com/stylewithangela/reel/DJfAfn3Pv2R/?hl=ar,Instagram,8.1,145,3120,0.82,Video,Intermediate,0.79,/placeholders/instagram.svg
Wardrobe Management,https://abbydavisson.substack.com/p/how-to-make-your-closet-work-harder,Substack,15.7,98,1230,0.76,Article,Intermediate,0.69,/placeholders/article.svg
Wardrobe Management,https://postgrowthfashion.substack.com/p/the-unbearable-lightness-of-writing,Substack,18.3,112,1450,0.79,Article,Advanced,0.72,/placeholders/article.svg
Wardrobe Management,https://dianna.substack.com/p/i-accidentally-made-a-capsule-wardrobe,Substack,16.9,134,1670,0.81,Article,Intermediate,0.75,/placeholders/article.svg
Wardrobe Management,https://laurakitty.substack.com/p/clotheswise,Substack,14.2,89,1120,0.74,Article,Intermediate,0.67,/placeholders/article.svg
Wardrobe Management,https://malefashionadvice.substack.com/p/building-a-basic-wardrobe-v70,Substack,19.8,167,2130,0.85,Article,Advanced,0.82,/placeholders/article.svg
Body Positivity,https://www.instagram.com/reel/DO6fIQ7iNWP/,Instagram,10.2,234,5120,0.95,Video,Advanced,0.97,/placeholders/instagram.svg
Body Positivity,https://www.instagram.com/reel/DK7dBJRsLRD/,Instagram,8.9,189,4120,0.89,Video,Intermediate,0.91,/placeholders/instagram.svg
Body Positivity,https://www.tiktok.com/@gracetutty/video/7553344925182463254,Tiktok,6.1,201,4560,0.92,Video,Intermediate,0.94,/placeholders/tiktok.svg
Body Positivity,https://www.tiktok.com/@frivolousfashion/video/7485284366843776257,Tiktok,5.7,178,3890,0.87,Video,Intermediate,0.89,/placeholders/tiktok.svg
Body Positivity,https://www.tiktok.com/@justmacrose/video/7228993751144795434,Tiktok,7.4,223,4780,0.94,Video,Advanced,0.96,/placeholders/tiktok.svg
Body Positivity,https://www.tiktok.com/@billieraebrandt/video/7389336253423979818,Tiktok,6.8,189,4120,0.89,Video,Intermediate,0.91,/placeholders/tiktok.svg
Body Positivity,https://unchartedterritories.tomaspueyo.com/p/why-we-dress-the-way-we-dress?utm_campaign=post&utm_medium=web,Substack,24.6,156,1890,0.88,Article,Advanced,0.85,/placeholders/link.svg
Body Positivity,https://bowtiedapollo.substack.com/p/introduction-to-fit-mens-fashion,Substack,18.7,134,1670,0.81,Article,Advanced,0.78,/placeholders/article.svg
Body Positivity,https://dtem2443.substack.com/p/bodies-in-fashion,Substack,21.3,189,2130,0.86,Article,Advanced,0.83,/placeholders/article.svg
Body Positivity,https://bodypositivehome.substack.com/p/the-8-core-beliefs-of-a-body-positive,Substack,19.9,201,2340,0.89,Article,Advanced,0.87,/placeholders/article.svg
Occasion and Context,https://www.tiktok.com/@davidabittan7/video/6940051773943975173,Tiktok,5.2,145,3120,0.82,Video,Intermediate,0.79,/placeholders/tiktok.svg
Occasion and Context,https://www.tiktok.com/@treybryantstyle/video/7477269393521790254,Tiktok,6.8,167,3890,0.86,Video,Intermediate,0.88,/placeholders/tiktok.svg
Occasion and Context,https://www.instagram.com/reels/DLHlc1jvFiX/,Instagram,8.4,123,2780,0.78,Video,Intermediate,0.75,/placeholders/instagram.svg
Occasion and Context,https://www.instagram.com/reel/DH6YK6fMc-a/,Instagram,7.6,156,3450,0.84,Video,Intermediate,0.81,/placeholders/instagram.svg
Occasion and Context,https://www.tiktok.com/@williamhansonetiquette/video/7417904245623606561,Tiktok,9.1,189,4120,0.89,Video,Advanced,0.91,/placeholders/tiktok.svg
Occasion and Context,https://www.tiktok.com/@lydiajanetomlinson/video/7507292584843382018,Tiktok,6.3,134,3120,0.81,Video,Intermediate,0.78,/placeholders/tiktok.svg
Occasion and Context,https://mmlafleur.substack.com/p/what-to-wear-for-every-special-occasion,Substack,16.4,112,1450,0.79,Article,Intermediate,0.72,/placeholders/article.svg
Occasion and Context,https://onesizefitsall.substack.com/p/the-wonderful-secret-behind-dressing,Substack,18.7,134,1670,0.81,Article,Advanced,0.78,/placeholders/article.svg
Occasion and Context,https://yourmomfriend.substack.com/p/issue-107-how-to-dress-for-a-night,Substack,15.9,98,1230,0.76,Article,Intermediate,0.69,/placeholders/article.svg
Occasion and Context,https://thefoundjournal.substack.com/p/lets-talk-event-dressing,Substack,17.8,123,1450,0.78,Article,Intermediate,0.74,/placeholders/article.svg
Sourcing Specific Pieces,https://www.instagram.com/reel/DLhehboBc2a/,Instagram,7.9,167,3890,0.86,Video,Intermediate,0.88,/placeholders/instagram.svg
Sourcing Specific Pieces,https://www.tiktok.com/@chez.colleen/video/7488451891345526058,Tiktok,5.6,189,4120,0.89,Video,Intermediate,0.91,/placeholders/tiktok.svg
Sourcing Specific Pieces,https://www.instagram.com/reel/Cvuhk8Tt9Pq/,Instagram,8.2,145,3120,0.82,Video,Intermediate,0.79,/placeholders/instagram.svg
Sourcing Specific Pieces,https://www.tiktok.com/@emmanoodlee/video/7329985561123474721,Tiktok,6.4,201,4560,0.92,Video,Advanced,0.94,/placeholders/tiktok.svg
Sourcing Specific Pieces,https://www.tiktok.com/@2.jeremy/video/7525534855925370143,Tiktok,5.8,178,3890,0.87,Video,Intermediate,0.89,/placeholders/tiktok.svg
Sourcing Specific Pieces,https://www.tiktok.com/@stylingwithkenzie/video/7380487341934169375,Tiktok,7.1,223,4780,0.94,Video,Advanced,0.96,/placeholders/tiktok.svg
Sourcing Specific Pieces,https://malefashionadvice.substack.com/p/as-promised-my-guide-to-thrifting,Substack,19.2,156,1890,0.85,Article,Advanced,0.82,/placeholders/article.svg
Sourcing Specific Pieces,https://substack.com/home/post/p-151577200?utm_campaign=post&utm_medium=web,Substack,16.8,134,1670,0.81,Article,Intermediate,0.78,/placeholders/article.svg
Sourcing Specific Pieces,https://thestylishapple.substack.com/p/the-ultimate-guide-to-shopping-secondhand?utm_campaign=post&utm_medium=web,Substack,22.4,189,2130,0.86,Article,Advanced,0.83,/placeholders/article.svg
Sourcing Specific Pieces,https://fashionvrse.substack.com/p/the-best-places-for-online-vintage,Substack,18.6,167,1890,0.84,Article,Advanced,0.81,/placeholders/article.svg
Understanding Sustainable Fashion,https://www.tiktok.com/@sustainablefashionfriend/video/7528065525788839170,Tiktok,6.7,201,4560,0.92,Video,Intermediate,0.94,/placeholders/tiktok.svg
Understanding Sustainable Fashion,https://www.tiktok.com/@sustainablefashionfriend/video/7307955395857812768,Tiktok,7.3,189,4120,0.89,Video,Intermediate,0.91,/placeholders/tiktok.svg
Understanding Sustainable Fashion,https://www.tiktok.com/@anacarolinaharo/video/7514838915728133406,Tiktok,8.1,223,4780,0.94,Video,Advanced,0.96,/placeholders/tiktok.svg
Understanding Sustainable Fashion,https://www.tiktok.com/@itspaogon_/video/7453981122930707754,Instagram,9.4,178,3890,0.87,Video,Advanced,0.89,/placeholders/tiktok.svg
Understanding Sustainable Fashion,https://www.instagram.com/reel/DGdiU6WItHq/,Instagram,8.7,156,3450,0.84,Video,Intermediate,0.81,/placeholders/instagram.svg
Understanding Sustainable Fashion,https://www.tiktok.com/@sustainablefashionfriend/video/7544276169294630166,Tiktok,7.8,201,4560,0.92,Video,Advanced,0.94,/placeholders/tiktok.svg
Understanding Sustainable Fashion,https://theelephantinmywardrobe.substack.com/p/sustainable-fashion-consumption-isnt,Substack,21.7,189,2130,0.86,Article,Advanced,0.83,/placeholders/article.svg
Understanding Sustainable Fashion,https://substack.com/home/post/p-151658240?utm_campaign=post&utm_medium=web,Substack,18.9,167,1890,0.84,Article,Advanced,0.81,/placeholders/article.svg
Understanding Sustainable Fashion,https://amyodell.substack.com/p/how-sustainable-fashion-became-a,Substack,24.1,201,2340,0.89,Article,Advanced,0.87,/placeholders/article.svg
Understanding Sustainable Fashion,https://substack.com/home/post/p-152788937?utm_campaign=post&utm_medium=web,Substack,20.3,178,2130,0.85,Article,Advanced,0.82,/placeholders/article.svg
Cultural Awareness,https://www.tiktok.com/@ellad3vi/video/7525917346880425246,Tiktok,6.9,189,4120,0.89,Video,Advanced,0.91,/placeholders/tiktok.svg
Cultural Awareness,https://www.tiktok.com/@okaywendyy/video/6908355946901163266,Tiktok,7.6,167,3890,0.86,Video,Intermediate,0.88,/placeholders/tiktok.svg
Cultural Awareness,https://www.tiktok.com/@hangingwithmr.jones/video/7541875875839626509,Tiktok,8.3,201,4560,0.92,Video,Advanced,0.94,/placeholders/tiktok.svg
Cultural Awareness,https://www.tiktok.com/@frontoffice.co/video/7494875699333975303,Tiktok,6.1,145,3120,0.82,Video,Intermediate,0.79,/placeholders/tiktok.svg
Cultural Awareness,https://www.instagram.com/reel/DNcAWCmvY64/,Instagram,9.2,178,3890,0.87,Video,Advanced,0.89,/placeholders/instagram.svg
Cultural Awareness,https://www.instagram.com/reel/DKqLpovshiQ/,Instagram,8.6,156,3450,0.84,Video,Intermediate,0.81,/placeholders/instagram.svg
Cultural Awareness,https://substack.com/home/post/p-174009109,Substack,19.4,134,1670,0.81,Article,Advanced,0.78,/placeholders/article.svg
Cultural Awareness,https://gracielamartin.substack.com/p/cultural-appropriation-identity-cliches,Substack,22.8,189,2130,0.86,Article,Advanced,0.83,/placeholders/article.svg
Cultural Awareness,https://ghv2025.substack.com/p/fashion-cultural-pride-rebellion,Substack,20.6,167,1890,0.84,Article,Advanced,0.81,/placeholders/article.svg
Cultural Awareness,https://artindexafrica.substack.com/p/from-culture-to-couture-african-arts,Substack,23.1,201,2340,0.89,Article,Advanced,0.87,/placeholders/article.svg